{
    "lists":[
        {
            "title":"项目编号：P20161027",
            "status":"可开票",
            "content":"工商登记－注册登记",
            "company":"先锋科技商标注册",
            "link":"待开票",
            "link2":"查看合同"
        },
        {
            "title":"项目编号：P20161027",
            "status":"可开票",
            "content":"工商登记－注册登记",
            "company":"先锋科技商标注册",
            "link":"待开票",
            "link2":"确认合作"
        },
        {
            "title":"项目编号：P20161027",
            "status":"可开票",
            "content":"工商登记－注册登记",
            "company":"先锋科技商标注册",
            "link":"待开票",
            "link2":"查看合同"
        },
        {
            "title":"项目编号：P20161027",
            "status":"可开票",
            "content":"工商登记－注册登记",
            "company":"先锋科技商标注册",
            "link":"待开票",
            "link2":"查看合同"
        },
        {
            "title":"项目编号：P20161027",
            "status":"可开票",
            "content":"工商登记－注册登记",
            "company":"先锋科技商标注册",
            "link":"待开票",
            "link2":"去评价"
        }
    ]
}