{
    "lists":[
        {
            "title":"国家、市级高新技术产业配套项目",
            "status":"创业政策",
            "content":"受理部门：徐汇区科技创新服务中心",
            "level":"省级",
            "time":"更新日期：2016-07-15"
        },
        {
            "title":"国家、市级高新技术产业配套项目",
            "status":"税收政策",
            "content":"受理部门：徐汇区科技创新服务中心",
            "level":"省级",
            "time":"更新日期：2016-07-15"
        },
        {
            "title":"国家、市级高新技术产业配套项目",
            "status":"人才政策",
            "content":"受理部门：徐汇区科技创新服务中心",
            "level":"省级",
            "time":"更新日期：2016-07-15"
        },
        {
            "title":"国家、市级高新技术产业配套项目",
            "status":"税收政策",
            "content":"上海比克汽配有限公司有限公司",
            "level":"省级",
            "time":"更新日期：2016-07-15"
        },
        {
            "title":"国家、市级高新技术产业配套项目",
            "status":"人才政策",
            "content":"上海比克汽配有限公司有限公司",
            "level":"省级",
            "time":"更新日期：2016-07-15"
        },
        {
            "title":"国家、市级高新技术产业配套项目",
            "status":"创业政策",
            "content":"受理部门：徐汇区科技创新服务中心",
            "level":"省级",
            "time":"更新日期：2016-07-15"
        }
    ]
}