{
    "returncode": 1, 
    "message": "搜索成功", 
    "result": [
        {
            "name": "润吧", 
            "cnt": "约有41384车源", 
            "url": "/handler/carlist/searchclick.ashx?id=1&tag=1&kw=润吧&prov=china"
        }, 
        {
            "name": "润吧 科技", 
            "cnt": "约有4127车源", 
            "url": "/handler/carlist/searchclick.ashx?id=16&tag=2&kw=润吧&prov=china"
        }, 
        {
            "name": "润吧 公司", 
            "cnt": "约有3973车源", 
            "url": "/handler/carlist/searchclick.ashx?id=145&tag=2&kw=润吧&prov=china"
        }, 
        {
            "name": "润吧 信息", 
            "cnt": "约有3290车源", 
            "url": "/handler/carlist/searchclick.ashx?id=496&tag=2&kw=润吧&prov=china"
        }, 
        {
            "name": "润吧 传媒", 
            "cnt": "约有3244车源", 
            "url": "/handler/carlist/searchclick.ashx?id=528&tag=2&kw=润吧&prov=china"
        }, 
        {
            "name": "润吧 新闻", 
            "cnt": "约有3188车源", 
            "url": "/handler/carlist/searchclick.ashx?id=442&tag=2&kw=润吧&prov=china"
        }, 
        {
            "name": "上海润吧", 
            "cnt": "约有2571车源", 
            "url": "/handler/carlist/searchclick.ashx?id=871&tag=2&kw=润吧&prov=china"
        }, 
        {
            "name": "上海润吧信息技术有限公司", 
            "cnt": "约有2394车源", 
            "url": "/handler/carlist/searchclick.ashx?id=874&tag=2&kw=润吧&prov=china"
        }, 
        {
            "name": "上海润吧科技", 
            "cnt": "约有2224车源", 
            "url": "/handler/carlist/searchclick.ashx?id=826&tag=2&kw=润吧&prov=china"
        }, 
        {
            "name": "上海润吧信息技术有限公司", 
            "cnt": "约有752车源", 
            "url": "/handler/carlist/searchclick.ashx?id=82&tag=2&kw=润吧&prov=china"
        }
    ]
}